,0
0,Michael
1,John
2,David
3,Chris
4,Mike
5,James
6,Mark
7,Jason
8,Robert
9,Jessica
10,Sarah
11,Jennifer
12,Paul
13,Brian
14,Kevin
15,Daniel
16,Ryan
17,Matt
18,Andrew
19,Michelle
20,Steve
21,Lisa
22,Alex
23,Joe
24,Amanda
25,Ashley
26,Scott
27,Richard
28,Eric
29,Jeff
30,Justin
31,Karen
32,Linda
33,Mary
34,Adam
35,Melissa
36,Matthew
37,Nick
38,Stephanie
39,Anthony
40,Tom
41,Josh
42,Laura
43,Tim
44,Jim
45,Amy
46,Peter
47,Dan
48,Nicole
49,Tony
50,Steven
51,Susan
52,Kelly
53,Dave
54,Brandon
55,Maria
56,Ben
57,Kim
58,Julie
59,Sam
60,Jonathan
61,Rachel
62,Joseph
63,Christopher
64,William
65,Heather
66,Bill
67,Katie
68,Thomas
69,Kyle
70,Patrick
71,Stephen
72,Aaron
73,Angela
74,Elizabeth
75,Sean
76,Gary
77,Emily
78,Bob
79,Samantha
80,Greg
81,Sara
82,Jamie
83,Sharon
84,George
85,Joshua
86,Anna
87,Andy
88,Nancy
89,Donna
90,Jeremy
91,Debbie
92,Christine
93,Rebecca
94,Kathy
95,Jay
96,Sandra
97,Andrea
98,Megan
99,Lauren
100,Tyler
101,Jack
102,Cindy
103,Carol
104,Barbara
105,Christina
106,Danielle
107,Rob
108,Charles
109,Ahmed
110,Jenny
111,Patricia
112,Rick
113,Amber
114,Ali
115,Frank
116,Tina
117,Nathan
118,Brittany
119,Jon
120,Jordan
121,Keith
122,Danny
123,Craig
124,Brad
125,Jake
126,Tiffany
127,Bryan
128,Ken
129,Lee
130,Mohamed
131,Terry
132,Brenda
133,Larry
134,Emma
135,Kimberly
136,Shawn
137,Ian
138,Ron
139,Dennis
140,Crystal
141,Sue
142,Jane
143,Jerry
144,Randy
145,Shannon
146,Diana
147,Jackie
148,Jose
149,Diane
150,Don
151,Alan
152,Martin
153,Wendy
154,Denise
155,Jacob
156,Judy
157,Christian
158,Tracy
159,Shane
160,Vanessa
161,Janet
162,Cheryl
163,Natalie
164,Kate
165,Erin
166,Chad
167,Helen
168,Pat
169,Jimmy
170,Jesse
171,Travis
172,Sandy
173,Tammy
174,Monica
175,Angel
176,Carlos
177,Ann
178,Joel
179,Anne
180,Todd
181,Robin
182,Catherine
183,Hannah
184,Derek
185,Jeffrey
186,Victoria
187,Courtney
188,Taylor
189,Luke
190,Melanie
191,Doug
192,Marie
193,Simon
194,Cody
195,Joey
196,Dawn
197,Teresa
198,Becky
199,Kenneth
200,Wayne
201,Ray
202,Lori
203,Bobby
204,Cathy
205,Beth
206,Joanne
207,Liz
208,Cynthia
209,Julia
210,Kayla
211,Edward
212,April
213,Billy
214,Claire
215,Pamela
216,Muhammad
217,Erica
218,Paula
219,Grace
220,Nicholas
221,Adrian
222,Jean
223,Victor
224,Nikki
225,Charlie
226,Alicia
227,Johnny
228,Roger
229,Will
230,Lynn
231,Angie
232,Ana
233,Deborah
234,Joyce
235,Bruce
236,Rose
237,Dana
238,Marc
239,Ed
240,Luis
241,Timothy
242,Phil
243,Darren
244,Margaret
245,Shirley
246,Tara
247,Carl
248,Gina
249,Pam
250,Brett
251,Joan
252,Caroline
253,Holly
254,Jan
255,Tommy
256,Austin
257,Ricky
258,Louise
259,Sally
260,Ronald
261,Raymond
262,Carolyn
263,Janice
264,Dustin
265,Zach
266,Jill
267,Veronica
268,Leslie
269,Stacey
270,Natasha
271,Casey
272,Eddie
273,Corey
274,Connie
275,Betty
276,Juan
277,Kristen
278,Renee
279,Ruth
280,Anita
281,Joy
282,Benjamin
283,Valerie
284,Mohammed
285,Elaine
286,Dean
287,Ahmad
288,Henry
289,Jasmine
290,Neil
291,Philip
292,Samuel
293,Lucy
294,Rahul
295,Sheila
296,Amit
297,Vincent
298,Marcus
299,Fred
300,Tanya
301,Jared
302,Theresa
303,Donald
304,Chelsea
305,Kenny
306,Jen
307,Kathleen
308,Dylan
309,Max
310,Troy
311,Alice
312,Mario
313,Annie
314,Chuck
315,Trevor
316,Mandy
317,Katherine
318,Michele
319,Rita
320,Dale
321,Brent
322,Leah
323,Alexander
324,Andre
325,Roy
326,Lindsay
327,Sherry
328,Allison
329,Charlotte
330,Vicky
331,Ivan
332,Stacy
333,Bonnie
334,Carrie
335,Mohammad
336,Kristin
337,Barry
338,Gloria
339,Alyssa
340,Lindsey
341,Debra
342,Carmen
343,Irene
344,Marilyn
345,Alexis
346,Cameron
347,Omar
348,Glenn
349,Alison
350,Erik
351,Colin
352,Cory
353,Claudia
354,Tracey
355,Carla
356,Drew
357,Brooke
358,Jenna
359,Harry
360,Erika
361,Kris
362,Shaun
363,Jacqueline
364,Morgan
365,Jo
366,Antonio
367,Allen
368,Suzanne
369,Nina
370,Pete
371,Maggie
372,Rich
373,Gabriel
374,Sonia
375,Jessie
376,Albert
377,Vicki
378,Heidi
379,Evan
380,Phillip
381,Yvonne
382,Alexandra
383,Evelyn
384,Kristina
385,Al
386,Jorge
387,Gail
388,Russell
389,Peggy
390,Olivia
391,Rhonda
392,Sabrina
393,Blake
394,Ellen
395,Kerry
396,Eva
397,Mohd
398,Terri
399,Katrina
400,Jess
401,Miguel
402,Joanna
403,Allan
404,Laurie
405,Martha
406,Kelsey
407,Patty
408,Colleen
409,Gregory
410,Kay
411,Toni
412,Christy
413,Nate
414,Douglas
415,Stuart
416,Sophie
417,Leo
418,Maureen
419,Ronnie
420,Cristina
421,Francis
422,Ricardo
423,Rachael
424,Edwin
425,Abdul
426,Annette
427,Molly
428,Tamara
429,Ross
430,Beverly
431,Jaime
432,Lorraine
433,Sylvia
434,Dee
435,Jade
436,Abby
437,Curtis
438,Seth
439,Deepak
440,Monique
441,Kathryn
442,Shelly
443,Rodney
444,Oscar
445,Elena
446,Ted
447,Lance
448,Marvin
449,Abhishek
450,Marco
451,Louis
452,Deb
453,Karl
454,Nicola
455,Alvin
456,Fiona
457,Darlene
458,Gerald
459,Penny
460,Audrey
461,Derrick
462,Cassie
463,Brandy
464,Ralph
465,Grant
466,Ravi
467,Chloe
468,Raj
469,Bradley
470,Sandeep
471,Emmanuel
472,Cassandra
473,Dorothy
474,Walter
475,Ashish
476,Zack
477,Regina
478,Marina
479,Rohit
480,Ethan
481,Judith
482,Esther
483,Leanne
484,Kristy
485,Melinda
486,Logan
487,Brandi
488,Gaurav
489,Brendan
490,Mitch
491,Marissa
492,Zachary
493,Gemma
494,Arthur
495,Fernando
496,Rajesh
497,Whitney
498,Charlene
499,Pauline
500,Vivian
501,Nadia
502,Devin
503,Aj
504,Lawrence
505,Hayley
506,Virginia
507,Manuel
508,Mona
509,Lily
510,Hassan
511,Jerome
512,Amir
513,Isaac
514,Sunny
515,Julian
516,Noel
517,Shelley
518,Wanda
519,Bianca
520,Caleb
521,Tonya
522,Caitlin
523,Mahmoud
524,Belinda
525,Brianna
526,Deanna
527,Angelica
528,Robyn
529,Lucas
530,Kurt
531,Eileen
532,Kara
533,Dianne
534,Graham
535,Jody
536,Glen
537,Shelby
538,Ariel
539,Chase
540,Ruby
541,Tj
542,Neha
543,Naomi
544,June
545,Paige
546,Roberto
547,Krystal
548,Rafael
549,Felicia
550,Candice
551,Daisy
552,Norma
553,Lydia
554,Manish
555,Adriana
556,Wesley
557,Barb
558,Karla
559,Eugene
560,Princess
561,Mitchell
562,Oliver
563,Dominic
564,Tania
565,Zoe
566,Rene
567,Miranda
568,Jesus
569,Jeanette
570,Meghan
571,Misty
572,Marty
573,Mia
574,Maya
575,Vijay
576,Brittney
577,Gavin
578,Gene
579,Arlene
580,Sunil
581,Arun
582,Yolanda
583,Liam
584,Sanjay
585,Frances
586,Leon
587,Jocelyn
588,Sophia
589,May
590,Vishal
591,Calvin
592,Warren
593,Prince
594,Dina
595,Robbie
596,Spencer
597,Imran
598,Pedro
599,Doris
600,Kristine
601,Nelson
602,Kylie
603,Mel
604,Vince
605,Ajay
606,Melody
607,Javier
608,Marlene
609,Lina
610,Harold
611,Krista
612,Kelvin
613,Josephine
614,Patti
615,Nur
616,Katy
617,Haley
618,Gordon
619,Tasha
620,Garrett
621,Jenn
622,Candy
623,Edgar
624,Hector
625,Jodi
626,Rosa
627,Desiree
628,Ankit
629,Kristi
630,Jayson
631,Susie
632,Hunter
633,Francisco
634,Ibrahim
635,Tricia
636,Phyllis
637,Kendra
638,Stefan
639,Cecilia
640,Eduardo
641,Anil
642,Lynne
643,Manoj
644,Priscilla
645,Clare
646,Trish
647,Sammy
648,Carly
649,Guy
650,Cj
651,Sebastian
652,Bridget
653,Sergio
654,Bethany
655,Nora
656,Vivek
657,Howard
658,Felix
659,Clint
660,Marcia
661,Marlon
662,Olga
663,Bernard
664,Darrell
665,Lesley
666,Willie
667,Faith
668,Angelo
669,Dominique
670,Karina
671,Aimee
672,Sachin
673,Joann
674,Geoff
675,Alisha
676,Noah
677,Jeanne
678,Madison
679,Nadine
680,Rosie
681,Missy
682,Sasha
683,Fatima
684,Trisha
685,Aditya
686,Priyanka
687,Ruben
688,Raul
689,Carole
690,Devon
691,Justine
692,Lynda
693,Raquel
694,Rod
695,Natalia
696,Cesar
697,Sheryl
698,Darryl
699,Daniela
700,Jodie
701,Miriam
702,Abigail
703,Dwayne
704,Roxanne
705,Candace
706,Norman
707,Kent
708,Connor
709,Hazel
710,Kelli
711,Janine
712,Sameer
713,Kiran
714,Stella
715,Cole
716,Alejandro
717,Priya
718,Melvin
719,Rakesh
720,Kirk
721,Stanley
722,Vickie
723,Erick
724,Syed
725,Glenda
726,Liza
727,Lara
728,Rosemary
729,Nitin
730,Gerry
731,Kat
732,Johan
733,Jeremiah
734,Stan
735,Faisal
736,Wes
737,Rudy
738,Mathew
739,Nurul
740,Dani
741,Marianne
742,Camille
743,Pankaj
744,Siti
745,Nicky
746,Daryl
747,Gilbert
748,Mohamad
749,Simone
750,Nichole
751,Jojo
752,Becca
753,Alma
754,Trey
755,Isabel
756,Nicolas
757,Nikhil
758,Micheal
759,Iris
760,Frankie
761,Lois
762,Leonard
763,Leigh
764,Monika
765,Ivy
766,Trent
767,Pooja
768,Kari
769,Mindy
770,Sofia
771,Jr
772,Sherri
773,Carolina
774,Jun
775,Amelia
776,Maurice
777,Kellie
778,Sonya
779,Mimi
780,Diego
781,Kirsty
782,Andres
783,Yvette
784,Lyn
785,Lena
786,Steph
787,Josie
788,Jillian
789,Julio
790,Prashant
791,Ella
792,Sydney
793,Agnes
794,Jana
795,Carlo
796,Marsha
797,Damien
798,Dinesh
799,Ty
800,Khaled
801,Jennie
802,Sumit
803,Rochelle
804,Clayton
805,Andreas
806,Lewis
807,Rocky
808,Nigel
809,Margie
810,Nana
811,Cherry
812,Arnold
813,Johanna
814,Rana
815,Marian
816,Kamal
817,Vikas
818,Kirsten
819,Lea
820,Bella
821,Alfred
822,Wade
823,Alberto
824,Damian
825,Marion
826,Eli
827,Tristan
828,Mostafa
829,Summer
830,Nathaniel
831,Lana
832,Hope
833,Bernadette
834,Russ
835,Aman
836,Silvia
837,Noor
838,Julius
839,Ramon
840,Gabriela
841,Lorna
842,Janelle
843,Saurabh
844,Georgia
845,Bryce
846,Ellie
847,Fran
848,Mick
849,Gwen
850,Karan
851,Kaitlyn
852,Roland
853,Sheena
854,Christie
855,Art
856,Anand
857,Krishna
858,Sami
859,Ashlee
860,Farah
861,Suresh
862,Ashleigh
863,Manny
864,Duane
865,Benny
866,Toby
867,Cara
868,Lloyd
869,Geraldine
870,Pradeep
871,Faye
872,Mahesh
873,Tori
874,Adrienne
875,Betsy
876,Bailey
877,Sana
878,Gabrielle
879,Junior
880,Garry
881,Khalid
882,Sheri
883,Gillian
884,Jasmin
885,Hanna
886,Denis
887,Donnie
888,Rachelle
889,Rohan
890,Jackson
891,Pablo
892,Allie
893,Anton
894,Karin
895,Pierre
896,Latoya
897,Teri
898,Mina
899,Adi
900,Chrissy
901,Earl
902,Abdullah
903,Wilson
904,Lacey
905,Owen
906,Roberta
907,Jamal
908,Praveen
909,Gladys
910,Mohit
911,Tabitha
912,Lou
913,Ginger
914,Love
915,Shawna
916,Zac
917,Clara
918,Meg
919,Xavier
920,Salman
921,Angelina
922,Levi
923,Rowena
924,Lorena
925,Mickey
926,Cliff
927,Randall
928,Marjorie
929,Adnan
930,Santosh
931,Raja
932,Juanita
933,Tyrone
934,Stefanie
935,Clay
936,Gareth
937,Varun
938,Marisa
939,Meredith
940,Byron
941,Riley
942,Sagar
943,Richie
944,Malcolm
945,Amr
946,Louie
947,Ingrid
948,Bilal
949,Erwin
950,Tia
951,Mustafa
952,Vera
953,Asif
954,Sahil
955,Mariam
956,Loretta
957,Alexa
958,Helena
959,Ernest
960,Juliet
961,Tami
962,Maryam
963,Doreen
964,Autumn
965,Florence
966,Dick
967,Eddy
968,Meagan
969,Katelyn
970,Val
971,Rey
972,Savannah
973,Armando
974,Mariana
975,Sonny
976,Mason
977,Alina
978,Ramesh
979,Lola
980,Elisa
981,Mai
982,Jonny
983,Charmaine
984,Damon
985,Rusty
986,Jayne
987,Usman
988,Mariah
989,Tanner
990,Lynette
991,Teddy
992,Edna
993,Mikey
994,Mari
995,Rex
996,Naveen
997,Edith
998,Marko
999,Aileen
1000,Destiny
1001,Divya
1002,Gayle
1003,Ayesha
1004,Ernie
1005,Ram
1006,Bernie
1007,Romeo
1008,Ally
1009,Sierra
1010,Hasan
1011,Jeannie
1012,Bev
1013,Nikita
1014,Ash
1015,Rj
1016,Rebekah
1017,Sandi
1018,Hugo
1019,Winnie
1020,Micah
1021,Jeffery
1022,Bobbie
1023,Kerri
1024,Alejandra
1025,Bo
1026,Elise
1027,Vinay
1028,Tatiana
1029,Karim
1030,Akshay
1031,Dakota
1032,Niki
1033,Bruno
1034,Sonja
1035,Prakash
1036,Lillian
1037,Michel
1038,Dexter
1039,Trina
1040,Kitty
1041,Marta
1042,Les
1043,Alana
1044,Cris
1045,Juliana
1046,Samir
1047,Michaela
1048,Myra
1049,Reggie
1050,Gabe
1051,Black
1052,Frederick
1053,Aisha
1054,Nisha
1055,Andi
1056,Maricel
1057,Alaa
1058,Martina
1059,Celeste
1060,Irfan
1061,Akash
1062,Kimberley
1063,Kelley
1064,Roman
1065,Traci
1066,Neal
1067,Gerard
1068,Ashok
1069,Enrique
1070,Arif
1071,Vinod
1072,Briana
1073,Perry
1074,Chandra
1075,Bj
1076,Maryann
1077,Nathalie
1078,Rina
1079,Mayra
1080,Yogesh
1081,Md
1082,Isabella
1083,Ida
1084,Jj
1085,Kasey
1086,Buddy
1087,Kunal
1088,Eve
1089,Eunice
1090,Ebony
1091,Ivana
1092,Jonas
1093,Serena
1094,Abraham
1095,Geoffrey
1096,Maxine
1097,Aida
1098,Jacky
1099,Blair
1100,Orlando
1101,Sri
1102,Lucia
1103,Himanshu
1104,Maribel
1105,Hilary
1106,Rosemarie
1107,Anastasia
1108,Robby
1109,Keisha
1110,Freddy
1111,Rodrigo
1112,Kristie
1113,Shauna
1114,Reza
1115,Dillon
1116,Gabby
1117,Alfredo
1118,Tessa
1119,Malik
1120,Red
1121,Tyson
1122,Jc
1123,Eleanor
1124,Shay
1125,Madeline
1126,Jenni
1127,Irma
1128,Hailey
1129,Cherie
1130,Vladimir
1131,Mac
1132,Elias
1133,Mallory
1134,Preston
1135,Brady
1136,Nico
1137,Denny
1138,Fahad
1139,Alec
1140,Gregg
1141,Irina
1142,Clinton
1143,Dewi
1144,Marshall
1145,Gretchen
1146,Ace
1147,Shweta
1148,Swati
1149,Rico
1150,Johnathan
1151,Marcos
1152,Gustavo
1153,Tomas
1154,Hans
1155,Lilly
1156,Shari
1157,Honey
1158,Paulo
1159,Tess
1160,Collin
1161,Elsa
1162,Aubrey
1163,Jermaine
1164,Lester
1165,Mackenzie
1166,Nada
1167,Cheri
1168,Francesca
1169,Ankur
1170,Mae
1171,Breanna
1172,Stacie
1173,Igor
1174,Dane
1175,Agus
1176,Duncan
1177,Chip
1178,Timmy
1179,Britney
1180,Georgina
1181,Ginny
1182,Farhan
1183,Leticia
1184,Isabelle
1185,Libby
1186,Leonardo
1187,Dallas
1188,Desmond
1189,Miles
1190,Amie
1191,Eman
1192,Van
1193,Hayden
1194,Elijah
1195,Stewart
1196,Dwight
1197,Felipe
1198,Lexi
1199,Israel
1200,Milan
1201,Ernesto
1202,Rami
1203,Dante
1204,Rory
1205,Mercy
1206,Vaibhav
1207,Kendall
1208,Donny
1209,Saad
1210,Cristian
1211,Janie
1212,Ari
1213,Jd
1214,Dora
1215,Aya
1216,Lourdes
1217,Pj
1218,Curt
1219,Genevieve
1220,Ashraf
1221,Ria
1222,Ganesh
1223,Jacqui
1224,Lorenzo
1225,Shahid
1226,Hari
1227,Lovely
1228,Vikram
1229,Mercedes
1230,Beau
1231,Nic
1232,Raven
1233,Joni
1234,Christa
1235,Heath
1236,Jonathon
1237,Brock
1238,Fabian
1239,Chantal
1240,Hugh
1241,Yasmin
1242,Mukesh
1243,Shana
1244,Ramona
1245,Moses
1246,Vic
1247,Chelsey
1248,Mira
1249,Daphne
1250,Charity
1251,Sheldon
1252,Keri
1253,Maha
1254,Willy
1255,Rhea
1256,Jelena
1257,Salma
1258,Dolores
1259,Paola
1260,Dianna
1261,Beatrice
1262,Avinash
1263,Patsy
1264,Ayman
1265,Cedric
1266,Dalton
1267,Jp
1268,Satish
1269,Mayank
1270,Mat
1271,Nguyen
1272,Arturo
1273,Hana
1274,Hillary
1275,Jarrod
1276,Siddharth
1277,Clarence
1278,Isaiah
1279,Wan
1280,Darcy
1281,Herman
1282,Elisabeth
1283,Rommel
1284,Leroy
1285,Lenny
1286,Antoinette
1287,Suzie
1288,Jude
1289,Margarita
1290,Osama
1291,Marcel
1292,Debby
1293,Precious
1294,Kaitlin
1295,Kaylee
1296,Lucky
1297,Leila
1298,Harvey
1299,Corinne
1300,Ciara
1301,Celia
1302,Asad
1303,Kiki
1304,Kumar
1305,Arjun
1306,Jaclyn
1307,Tarek
1308,Elie
1309,Terrence
1310,Nicki
1311,Lilian
1312,Franklin
1313,Nor
1314,Gil
1315,Nelly
1316,Dian
1317,Andrei
1318,Susana
1319,Lia
1320,Hilda
1321,Colby
1322,Celine
1323,Ismail
1324,Rajeev
1325,Suzy
1326,Sneha
1327,Maddie
1328,Terence
1329,Gigi
1330,Sanjeev
1331,Marisol
1332,Paolo
1333,Neeraj
1334,Giovanni
1335,Darius
1336,Wilma
1337,Michal
1338,Harsh
1339,Patrice
1340,Loren
1341,Atul
1342,Darwin
1343,Abu
1344,El
1345,Hamza
1346,Arnel
1347,Kaye
1348,Colton
1349,Rosalie
1350,Janette
1351,Ada
1352,Chantelle
1353,Myrna
1354,Mj
1355,Bert
1356,Francois
1357,Billie
1358,Bart
1359,Selena
1360,Kristian
1361,Kai
1362,Suraj
1363,Clifford
1364,Len
1365,Young
1366,Luz
1367,Mo
1368,Stephan
1369,Heba
1370,Freddie
1371,Petra
1372,Kc
1373,Reginald
1374,Dj
1375,Gaby
1376,Amin
1377,Rolando
1378,Adele
1379,Jolene
1380,Karthik
1381,Clark
1382,Pratik
1383,Anu
1384,Bryant
1385,Dolly
1386,Jeannette
1387,Tarun
1388,Tan
1389,Clarissa
1390,Tushar
1391,Pearl
1392,Elmer
1393,Eliza
1394,Dusty
1395,Cat
1396,Graeme
1397,Reem
1398,Suman
1399,Ashton
1400,Markus
1401,Alisa
1402,Harish
1403,Antony
1404,Cheyenne
1405,Shanna
1406,Moe
1407,Amal
1408,Gerardo
1409,Terrance
1410,Piyush
1411,Antoine
1412,Chen
1413,Therese
1414,Lulu
1415,Shruti
1416,Chetan
1417,Amar
1418,Hank
1419,Randi
1420,Marwa
1421,Liliana
1422,Nidhi
1423,Jyoti
1424,Nik
1425,Kieran
1426,Sal
1427,Apple
1428,Archie
1429,Rania
1430,Raphael
1431,Lora
1432,Nita
1433,Adel
1434,Ankita
1435,Phoebe
1436,Alexandria
1437,Fadi
1438,Lizzie
1439,Preeti
1440,Laila
1441,Li
1442,Lonnie
1443,Mauricio
1444,Trudy
1445,Raju
1446,Nilesh
1447,Debi
1448,Tracie
1449,Blue
1450,Pinky
1451,Kayleigh
1452,Sai
1453,Abel
1454,Judi
1455,Nikola
1456,Zeeshan
1457,Luisa
1458,Roshan
1459,Lin
1460,Kashif
1461,Bharat
1462,Kira
1463,Shah
1464,Jasper
1465,Millie
1466,Bernice
1467,Bobbi
1468,Alexandre
1469,Jessy
1470,Jacques
1471,Kamran
1472,Larissa
1473,Imelda
1474,Indra
1475,Tariq
1476,Gus
1477,Rajiv
1478,Nour
1479,Darin
1480,Anurag
1481,Marija
1482,Yusuf
1483,Harley
1484,Gabriella
1485,Saeed
1486,Omer
1487,Ira
1488,Susanne
1489,Marla
1490,Yash
1491,Dalia
1492,Rizwan
1493,Scotty
1494,Paulette
1495,Jai
1496,Donovan
1497,Dino
1498,Beverley
1499,Bret
1500,Theo
1501,Mandi
1502,Jenifer
1503,Rashmi
1504,Kapil
1505,Boris
1506,Cyndi
1507,Seema
1508,Eden
1509,Sadie
1510,Landon
1511,Blanca
1512,Stevie
1513,Butch
1514,Pawan
1515,Nishant
1516,Tammie
1517,Polly
1518,Yan
1519,Waleed
1520,Anuj
1521,Hemant
1522,Nino
1523,Solomon
1524,Hussein
1525,Emil
1526,Marius
1527,Mildred
1528,Kareem
1529,Guillermo
1530,Arvind
1531,Elsie
1532,Samer
1533,Aleksandar
1534,Elvis
1535,Valentina
1536,Thelma
1537,Barbie
1538,Waqas
1539,Amira
1540,Abbie
1541,Delia
1542,Mohan
1543,Maja
1544,Alissa
1545,Conor
1546,Cam
1547,Prem
1548,Chance
1549,Ericka
1550,Vernon
1551,Carina
1552,Mohsin
1553,Darla
1554,Claude
1555,Winston
1556,Sky
1557,Abhinav
1558,Siobhan
1559,Laurence
1560,Laurel
1561,Marcy
1562,Janis
1563,Violet
1564,Kyla
1565,Hitesh
1566,Abbey
1567,Naresh
1568,Carissa
1569,Danilo
1570,Emilie
1571,Bea
1572,Shilpa
1573,Melisa
1574,Mani
1575,Asha
1576,Herbert
1577,Yesenia
1578,Dena
1579,Sahar
1580,Hamid
1581,Hadi
1582,Tamer
1583,Anjali
1584,Selina
1585,Asma
1586,Brendon
1587,Lizzy
1588,Jessi
1589,Hollie
1590,Coco
1591,Fanny
1592,Chantel
1593,Elliot
1594,Helene
1595,Little
1596,Beatriz
1597,Umar
1598,Parker
1599,Tamika
1600,Hina
1601,Bud
1602,Dion
1603,Roderick
1604,Francine
1605,Rena
1606,Allyson
1607,Shiva
1608,Nolan
1609,Anas
1610,Deepa
1611,Alain
1612,Clyde
1613,Jhon
1614,Wael
1615,Harrison
1616,King
1617,Mara
1618,Star
1619,Archana
1620,Ami
1621,Ritesh
1622,Shan
1623,Ina
1624,Angelique
1625,Johnson
1626,Lionel
1627,Marilou
1628,Manisha
1629,Sherrie
1630,Richa
1631,Rishi
1632,Sid
1633,Umair
1634,Mehdi
1635,Gracie
1636,Katerina
1637,Poonam
1638,Julien
1639,Magdalena
1640,Ariana
1641,Milton
1642,Flora
1643,Chester
1644,Ade
1645,Sidney
1646,Maddy
1647,Budi
1648,Zara
1649,Manu
1650,Adil
1651,Emad
1652,Darrin
1653,Staci
1654,Hussain
1655,Saba
1656,Prasad
1657,Aidan
1658,Harriet
1659,Caitlyn
1660,Shayne
1661,Chirag
1662,Aamir
1663,Cecil
1664,Taryn
1665,Marcelo
1666,Diamond
1667,Rashid
1668,Ahsan
1669,Roxy
1670,Rodel
1671,Arvin
1672,Noemi
1673,Bree
1674,Daniella
1675,Christi
1676,Lili
1677,Zak
1678,Shashank
1679,Nasir
1680,Cassidy
1681,Renata
1682,Jefferson
1683,Latasha
1684,Avi
1685,Tanisha
1686,Reynaldo
1687,Angeline
1688,Maritza
1689,Philippe
1690,Just
1691,Zainab
1692,Ronda
1693,Matty
1694,Aditi
1695,Sherwin
1696,Anders
1697,Conrad
1698,Colette
1699,Marites
1700,Anwar
1701,Yasir
1702,Iman
1703,Aurora
1704,Annabelle
1705,Cora
1706,Mila
1707,Fabio
1708,Puneet
1709,Ola
1710,Nadeem
1711,Umesh
1712,Samar
1713,Quentin
1714,Sadia
1715,Ammar
1716,Jami
1717,Tito
1718,Mido
1719,Santiago
1720,Paris
1721,Yuki
1722,Callie
1723,Gill
1724,Ramy
1725,Alfonso
1726,Yuri
1727,Wally
1728,Arman
1729,Saif
1730,Lala
1731,Clive
1732,Vinny
1733,Abbas
1734,Shalini
1735,Hani
1736,Jed
1737,Blaine
1738,Hany
1739,Zane
1740,Kiara
1741,Louisa
1742,Camilla
1743,Aleksandra
1744,Leann
1745,Elliott
1746,Komal
1747,Chan
1748,Khairul
1749,Ronny
1750,Nona
1751,Muhammed
1752,Callum
1753,Layla
1754,Shubham
1755,Danica
1756,Alok
1757,Ava
1758,Prateek
1759,Floyd
1760,Eslam
1761,Dev
1762,Carter
1763,Avery
1764,Kerrie
1765,Siva
1766,Sherif
1767,Valeria
1768,Junaid
1769,Deepika
1770,Zain
1771,Elle
1772,Danish
1773,Carey
1774,Lyndsey
1775,Marcela
1776,Rocio
1777,Venus
1778,Swapnil
1779,Joao
1780,Bridgette
1781,Leona
1782,Kit
1783,Paulina
1784,Renato
1785,Naveed
1786,Le
1787,Lorie
1788,Cristy
1789,Sonu
1790,Pramod
1791,Roni
1792,Noreen
1793,Roxana
1794,Constance
1795,Ritu
1796,Nida
1797,Ferdinand
1798,Jeanie
1799,Noelle
1800,Skyler
1801,Salvador
1802,Rae
1803,Rajat
1804,Goran
1805,Deejay
1806,Tobias
1807,Mika
1808,Wyatt
1809,Deirdre
1810,Tiara
1811,La
1812,Antonia
1813,Katarina
1814,Aziz
1815,Sohail
1816,Sebastien
1817,Murray
1818,Rani
1819,Surya
1820,Asia
1821,Jin
1822,Ric
1823,Muhamad
1824,Margo
1825,Kathie
1826,Rajan
1827,Gino
1828,Lars
1829,Rio
1830,Krystle
1831,Ani
1832,Youssef
1833,Cary
1834,Lyle
1835,Tonia
1836,Mathieu
1837,Lane
1838,Mylene
1839,Suzette
1840,Dwi
1841,Olivier
1842,Derick
1843,Asim
1844,Rony
1845,Iain
1846,Tee
1847,Pallavi
1848,Edmund
1849,Girish
1850,Joana
1851,Stephane
1852,Salim
1853,Nestor
1854,Megha
1855,Nabil
1856,Elisha
1857,Carson
1858,Jing
1859,Chanel
1860,Ashutosh
1861,Svetlana
1862,Emilio
1863,Kavita
1864,Aly
1865,Bee
1866,Mayur
1867,Shiela
1868,Krissy
1869,Fay
1870,Gautam
1871,Marge
1872,Rasha
1873,Elly
1874,Dirk
1875,Amina
1876,Rhys
1877,Shivani
1878,Andreea
1879,Atif
1880,Walid
1881,Abe
1882,Nia
1883,Jules
1884,Skip
1885,Sunita
1886,Saul
1887,Quinn
1888,Zahid
1889,Haris
1890,Jacquelyn
1891,Vikki
1892,Samson
1893,Rama
1894,Tal
1895,Ej
1896,Terrell
1897,Jewel
1898,Corina
1899,Norm
1900,Analyn
1901,Ashwin
1902,Belle
1903,Josue
1904,Branden
1905,Jt
1906,Mabel
1907,Reena
1908,Deon
1909,Tanja
1910,Sabina
1911,Madhu
1912,Wei
1913,Lacy
1914,Jonah
1915,Ayu
1916,Myles
1917,Marivic
1918,Britt
1919,Ethel
1920,Nat
1921,Lim
1922,Giselle
1923,Dany
1924,Cool
1925,Farid
1926,Riza
1927,Bong
1928,Abi
1929,Johnnie
1930,Shyam
1931,Majid
1932,Rehan
1933,Madeleine
1934,Yasser
1935,Lamar
1936,Ursula
1937,Maxwell
1938,Kennedy
1939,Che
1940,Sajid
1941,Sheree
1942,Amer
1943,Kristopher
1944,Rodolfo
1945,De
1946,Simran
1947,Ismael
1948,Hala
1949,Shani
1950,Vishnu
1951,Jaya
1952,Skye
1953,Magda
1954,Lucille
1955,Zahra
1956,Waseem
1957,Brigitte
1958,Aldrin
1959,Sonal
1960,Boy
1961,Vilma
1962,Samira
1963,Liana
1964,Esmeralda
1965,Lupe
1966,Jayme
1967,Tabatha
1968,Aris
1969,Pravin
1970,Tahir
1971,Mariel
1972,Rhiannon
1973,Monty
1974,Aryan
1975,Reuben
1976,Maricar
1977,Athena
1978,Cyril
1979,Alyson
1980,Radhika
1981,Anish
1982,Shea
1983,Cecile
1984,Khalil
1985,Sonam
1986,Jitendra
1987,Mei
1988,Srinivas
1989,Jatin
1990,Luna
1991,Deep
1992,Dom
1993,Kym
1994,Hendra
1995,Emilia
1996,Hanan
1997,Thanh
1998,Fernanda
1999,Joelle
2000,Brianne
2001,Milos
2002,Reece
2003,Shayla
2004,Moon
2005,Sinead
2006,Rona
2007,Sian
2008,Alvaro
2009,Wendell
2010,Fredrik
2011,Azhar
2012,Dilip
2013,Lukas
2014,Alexia
2015,Pranav
2016,Phuong
2017,Saima
2018,Janna
2019,Renae
2020,Tri
2021,Jimmie
2022,Claudio
2023,Jhun
2024,Mack
2025,Pavan
2026,Emanuel
2027,Jazmin
2028,Nader
2029,Chandan
2030,Marcie
2031,Lila
2032,Muhd
2033,Geri
2034,Drake
2035,Sushil
2036,Nan
2037,Jeanine
2038,Evangeline
2039,Elvira
2040,Kirby
2041,Gurpreet
2042,Kane
2043,Iwan
2044,Hossam
2045,Shikha
2046,Jomar
2047,Rima
2048,Nitesh
2049,Georges
2050,Aron
2051,Franco
2052,Bubba
2053,Wang
2054,Walt
2055,Putri
2056,Cortney
2057,Vipul
2058,Yousef
2059,Hal
2060,Duke
2061,Happy
2062,Jayden
2063,Eka
2064,Simona
2065,Iqbal
2066,Dark
2067,Shoaib
2068,Luca
2069,Miki
2070,Jessa
2071,Adeel
2072,Chasity
2073,Leeann
2074,Herb
2075,Jeri
2076,Dejan
2077,Vipin
2078,Theodore
2079,Marwan
2080,Pascal
2081,Jemma
2082,Sudhir
2083,Deana
2084,Pia
2085,Reid
2086,Dixie
2087,Khan
2088,Dimitris
2089,Yara
2090,Leena
2091,Delores
2092,Hisham
2093,Vineet
2094,Marcella
2095,Darnell
2096,Astrid
2097,Milena
2098,Aries
2099,Lucie
2100,Emy
2101,Julianne
2102,Mikael
2103,Harpreet
2104,Ajit
2105,Rain
2106,Minh
2107,Shelia
2108,Dede
2109,Yana
2110,Jm
2111,Ruel
2112,Russel
2113,Dominick
2114,Akhil
2115,Shahzad
2116,Flor
2117,Kenya
2118,Bertha
2119,Chandler
2120,Alireza
2121,Morris
2122,Lani
2123,Kaleb
2124,Clement
2125,Catalina
2126,Noha
2127,Ehab
2128,Bogdan
2129,Susanna
2130,Suzan
2131,Sheetal
2132,Gagan
2133,Kev
2134,Santhosh
2135,Kimmy
2136,Niko
2137,Raman
2138,Rosario
2139,Rock
2140,Richelle
2141,Demetrius
2142,Esteban
2143,Anup
2144,Shailesh
2145,Saiful
2146,Nikos
2147,Amol
2148,Yang
2149,Bala
2150,Mehmet
2151,Faizan
2152,Dona
2153,Guillaume
2154,Rabia
2155,Cyrus
2156,Chaz
2157,Bec
2158,Rudi
2159,Remy
2160,Del
2161,Izzy
2162,Dara
2163,Lidia
2164,Ollie
2165,Tiana
2166,Dario
2167,Anoop
2168,Malou
2169,Karyn
2170,Agung
2171,Aldo
2172,Irish
2173,Gwendolyn
2174,Amna
2175,Kath
2176,Edison
2177,Sun
2178,Carmel
2179,Javed
2180,Dottie
2181,Felicity
2182,Hafiz
2183,Pieter
2184,Man
2185,Thea
2186,Audra
2187,Abhijit
2188,Davis
2189,Zaid
2190,Kali
2191,Cindi
2192,Vivi
2193,Rosanna
2194,Hema
2195,Lindy
2196,Penelope
2197,Vlad
2198,Jamil
2199,Murat
2200,Pretty
2201,Camila
2202,Amos
2203,Rajendra
2204,Stu
2205,Angus
2206,Umer
2207,Meaghan
2208,Jb
2209,Aline
2210,Payal
2211,Sonali
2212,Celina
2213,Magnus
2214,Bronwyn
2215,Kody
2216,Carmela
2217,Sammie
2218,Leonie
2219,Lalit
2220,Isha
2221,Su
2222,Lorrie
2223,Mollie
2224,Bjorn
2225,Shreya
2226,Katia
2227,Fe
2228,Jacque
2229,Kory
2230,Dayna
2231,Deanne
2232,Brandie
2233,Fatma
2234,Lucinda
2235,Yu
2236,Josiah
2237,Moises
2238,Ma
2239,Axel
2240,Skylar
2241,Kingsley
2242,Anis
2243,Fox
2244,Mar
2245,Candi
2246,Tisha
2247,Sameh
2248,Sarita
2249,Ronaldo
2250,Dewayne
2251,Olive
2252,Lady
2253,Kathi
2254,Lilia
2255,Ziad
2256,Sylvie
2257,Min
2258,Khurram
2259,Sakshi
2260,Green
2261,Shivam
2262,Henrik
2263,Ramil
2264,Claudette
2265,Amjad
2266,Mirna
2267,Greta
2268,Intan
2269,Aiza
2270,Ines
2271,Suzi
2272,Jazmine
2273,Bri
2274,Latisha
2275,Hardik
2276,Wong
2277,Brennan
2278,Tam
2279,Rogelio
2280,Alessandro
2281,Mandeep
2282,Da
2283,Kyra
2284,Emmy
2285,Adrianna
2286,Zubair
2287,Jazz
2288,Lu
2289,Jena
2290,Filip
2291,Faiz
2292,Makayla
2293,Arie
2294,Yael
2295,Manal
2296,Marci
2297,Anja
2298,Cori
2299,Ruchi
2300,Arielle
2301,Forrest
2302,Musa
2303,Genesis
2304,Rhoda
2305,Jarrett
2306,Ester
2307,Vandana
2308,Devi
2309,Dorian
2310,Shady
2311,Parth
2312,Minnie
2313,Georgie
2314,Chrystal
2315,Tuan
2316,Nellie
2317,Leanna
2318,Rekha
2319,Quincy
2320,Terrie
2321,Sabine
2322,Quinton
2323,Terra
2324,Racheal
2325,Johannes
2326,Frederic
2327,Sultan
2328,Indah
2329,Ratna
2330,Andrey
2331,Gale
2332,Eko
2333,Alia
2334,Reed
2335,Kurtis
2336,Habib
2337,Riya
2338,Teresita
2339,Serge
2340,Navin
2341,Alanna
2342,Maryanne
2343,Abhay
2344,Lynsey
2345,Yulia
2346,Lexie
2347,Lanie
2348,Lakshmi
2349,Hong
2350,Debora
2351,Charbel
2352,Pavel
2353,Veronika
2354,Luc
2355,Abhijeet
2356,Sharron
2357,Abid
2358,Rishabh
2359,Jovan
2360,Garth
2361,Sari
2362,Scot
2363,Francesco
2364,Talia
2365,Prachi
2366,Varsha
2367,San
2368,Gopal
2369,Neo
2370,Romel
2371,Sayed
2372,Johny
2373,Meme
2374,Jacquie
2375,Sammi
2376,Thuy
2377,Hamada
2378,Chelsie
2379,Mohsen
2380,Amrita
2381,Rickey
2382,Hamed
2383,Brook
2384,Uma
2385,Arianna
2386,Tameka
2387,Melina
2388,Di
2389,Sanja
2390,Said
2391,Carlton
2392,Xiao
2393,Jawad
2394,Annmarie
2395,Darrel
2396,Keegan
2397,Koko
2398,Jeni
2399,Kylee
2400,Abeer
2401,Han
2402,Mckenzie
2403,Marlyn
2404,Perla
2405,Anshul
2406,Sandhya
2407,Arshad
2408,Arash
2409,Kia
2410,Maryjane
2411,Yasmine
2412,Jada
2413,Cari
2414,Roselyn
2415,Narendra
2416,Alli
2417,Deepti
2418,Gage
2419,Jeannine
2420,Uday
2421,Islam
2422,Naeem
2423,Lokesh
2424,Desi
2425,Sadaf
2426,Edmond
2427,Ketan
2428,Buck
2429,Federico
2430,Peyton
2431,Ayush
2432,Paddy
2433,Tiffani
2434,Yen
2435,Shashi
2436,Regan
2437,Juli
2438,Peg
2439,Usha
2440,Ming
2441,Reema
2442,Araceli
2443,Mc
2444,Sasa
2445,Latonya
2446,Manju
2447,Hiba
2448,Anderson
2449,Reshma
2450,Della
2451,Zoey
2452,Dionne
2453,Osman
2454,Lamont
2455,Aparna
2456,Shona
2457,Jae
2458,Charley
2459,Jayesh
2460,Mahendra
2461,Andri
2462,Em
2463,Bonita
2464,Enrico
2465,Harsha
2466,Dhruv
2467,Zoran
2468,Lei
2469,Merry
2470,Eleni
2471,Brenna
2472,Jarred
2473,Cooper
2474,Amalia
2475,Clifton
2476,Micky
2477,Anya
2478,Roro
2479,Ehsan
2480,Smita
2481,Dragan
2482,Woody
2483,Maura
2484,Sandip
2485,Ashwini
2486,Vinnie
2487,Rini
2488,Franz
2489,Rosy
2490,Kishore
2491,Rui
2492,Mihai
2493,Fritz
2494,Elyse
2495,Kuldeep
2496,Kati
2497,Elissa
2498,Misha
2499,Deidre
2500,Srikanth
2501,Edgardo
2502,Mikayla
2503,Parul
2504,Manuela
2505,Bambang
2506,Fredrick
2507,Viviana
2508,Jad
2509,Brooklyn
2510,Tucker
2511,Maher
2512,Hesham
2513,Arpit
2514,Aakash
2515,Wahyu
2516,Cierra
2517,Adeline
2518,Thom
2519,Brody
2520,Nanette
2521,German
2522,Jonalyn
2523,Rosalyn
2524,Fabiola
2525,Meena
2526,Karolina
2527,Braden
2528,Gideon
2529,Joaquin
2530,Benjie
2531,Blessing
2532,Mazen
2533,Roma
2534,Liezel
2535,Tran
2536,Vivien
2537,Violeta
2538,Milica
2539,Hoang
2540,Wilfredo
2541,Shankar
2542,Ned
2543,Anju
2544,Asmaa
2545,Shayna
2546,Linh
2547,Annika
2548,Marianna
2549,Bojan
2550,Nova
2551,Laurent
2552,Gena
2553,Sterling
2554,Lan
2555,Rosalind
2556,Guadalupe
2557,Saleem
2558,Florian
2559,Lolita
2560,Neelam
2561,Ankush
2562,Shaina
2563,Sharlene
2564,Emerson
2565,Anh
2566,Rashad
2567,Viktor
2568,Karissa
2569,Mihaela
2570,Mikaela
2571,Cristine
2572,Faiza
2573,Alfie
2574,Martyn
2575,Rosalinda
2576,Ahmet
2577,Estelle
2578,Jhen
2579,Faizal
2580,Everett
2581,Wil
2582,Gabi
2583,Luigi
2584,Sha
2585,Abdallah
2586,Sylvester
2587,Tiger
2588,Dheeraj
2589,Viola
2590,Akram
2591,Wendi
2592,Fitri
2593,Abhi
2594,Fady
2595,Farhana
2596,Sergey
2597,Roel
2598,Kristal
2599,Harris
2600,Waqar
2601,Shadi
2602,Trinity
2603,Hira
2604,Tejas
2605,Juliette
2606,Deena
2607,Hazem
2608,Daren
2609,Trang
2610,Ike
2611,Martine
2612,Alessandra
2613,Maricris
2614,Kelsie
2615,Jaimie
2616,Benedict
2617,Venkat
2618,Salah
2619,Portia
2620,Hakan
2621,Ying
2622,Karine
2623,Justice
2624,Jacinta
2625,Jacki
2626,Char
2627,Sandie
2628,Bhavesh
2629,Justina
2630,Mya
2631,Ramya
2632,Ika
2633,Zhang
2634,Dulce
2635,Freda
2636,Verna
2637,Mena
2638,Tammi
2639,Efren
2640,Balaji
2641,Faraz
2642,Dre
2643,Brenden
2644,An
2645,Manpreet
2646,Ah
2647,Anusha
2648,Long
2649,Nabeel
2650,Ren
2651,Sony
2652,Farida
2653,Patience
2654,Althea
2655,Chi
2656,Medo
2657,Claudine
2658,Tory
2659,Kostas
2660,Renz
2661,India
2662,Wasim
2663,Damion
2664,Mavis
2665,Jakob
2666,Namrata
2667,Kartik
2668,Jaco
2669,Devan
2670,Sapna
2671,Mirza
2672,Prasanna
2673,Alaina
2674,Lex
2675,Sangeeta
2676,Cookie
2677,Alistair
2678,Anika
2679,Arjay
2680,Niraj
2681,Samia
2682,Johann
2683,Deedee
2684,Ai
2685,Vimal
2686,Brooks
2687,Basil
2688,Renu
2689,Ghada
2690,Stephany
2691,Nena
2692,Monte
2693,Stefano
2694,Vidya
2695,Doc
2696,Brittani
2697,Sondra
2698,Cal
2699,Isa
2700,Erich
2701,Kiana
2702,Sven
2703,Dima
2704,Benson
2705,Noman
2706,Saira
2707,Mansi
2708,Vikash
2709,Joanie
2710,Aniket
2711,Christin
2712,Alena
2713,Kasia
2714,Saqib
2715,Robb
2716,Conner
2717,Roslyn
2718,Jessika
2719,Garima
2720,Sathish
2721,Danni
2722,Mas
2723,Scarlett
2724,Matthias
2725,Ravindra
2726,Mehul
2727,Gee
2728,Ioana
2729,Dot
2730,Cleo
2731,Annabel
2732,Brenton
2733,Lyndon
2734,Senthil
2735,Salvatore
2736,Rebeca
2737,Rolly
2738,Becki
2739,Errol
2740,Sushant
2741,Lincoln
2742,Sajjad
2743,Natasa
2744,Lior
2745,Saurav
2746,Jordyn
2747,Supriya
2748,Ling
2749,Saleh
2750,Meenakshi
2751,Rupesh
2752,Erna
2753,Evie
2754,Nirmal
2755,Om
2756,Declan
2757,Irena
2758,Queenie
2759,Caren
2760,Dania
2761,Niall
2762,Manda
2763,Ameer
2764,Kaushik
2765,Lito
2766,Chet
2767,Farhad
2768,Aiden
2769,Dhaval
2770,Trenton
2771,Keren
2772,Romy
2773,Cathie
2774,Patel
2775,Muriel
2776,Kanika
2777,Jhay
2778,Mariela
2779,Noe
2780,Elvin
2781,Pilar
2782,Christophe
2783,Lynnette
2784,Kenzie
2785,Maree
2786,Maxime
2787,Kisha
2788,Mikel
2789,Randa
2790,Darshan
2791,Dimple
2792,Agnieszka
2793,Edy
2794,Royce
2795,Raghav
2796,Marti
2797,Ale
2798,Kassie
2799,Aarti
2800,Vance
2801,Reham
2802,Nani
2803,Murali
2804,Iva
2805,Soso
2806,Cecille
2807,Neville
2808,Asa
2809,Lita
2810,Myriam
2811,Tay
2812,Josef
2813,Trista
2814,Mahmood
2815,Ervin
2816,Rian
2817,Macy
2818,Malin
2819,Keenan
2820,Teena
2821,Demi
2822,Nicolette
2823,Denver
2824,Venkatesh
2825,Alysha
2826,Lise
2827,Damaris
2828,Ellis
2829,Adela
2830,Nasser
2831,Dimitri
2832,Saman
2833,Marnie
2834,Edie
2835,Sol
2836,Moira
2837,Reagan
2838,Kirstie
2839,Carley
2840,Ronel
2841,Didi
2842,Sourav
2843,Ivette
2844,Milagros
2845,Arief
2846,Malak
2847,Milo
2848,Arnie
2849,Lyndsay
2850,Daria
2851,Taha
2852,Sanket
2853,Bing
2854,Myron
2855,Santi
2856,Veronique
2857,Hung
2858,Yves
2859,Sania
2860,Jam
2861,Nima
2862,Geneva
2863,Danial
2864,Jovana
2865,Amrit
2866,Vicente
2867,Bebe
2868,Gio
2869,Silver
2870,Madelyn
2871,Virgil
2872,Ivonne
2873,Kendrick
2874,Marquis
2875,Tin
2876,Percy
2877,Malinda
2878,Awais
2879,Reese
2880,Janeth
2881,Sidra
2882,Cecelia
2883,Niamh
2884,Thao
2885,Geeta
2886,Vina
2887,Ha
2888,Jas
2889,Loraine
2890,Haroon
2891,Leilani
2892,Jamey
2893,Alecia
2894,Sharad
2895,Elma
2896,Annemarie
2897,Elton
2898,Raghu
2899,Carlene
2900,Petar
2901,Smith
2902,Reyna
2903,Bernardo
2904,Des
2905,Sunday
2906,Sherman
2907,Lachlan
2908,Toto
2909,Edi
2910,Wallace
2911,Ashlyn
2912,Payton
2913,Vivienne
2914,Clair
2915,Jia
2916,Lama
2917,Dragana
2918,Nenad
2919,Reina
2920,Leandro
2921,Aiman
2922,Janel
2923,Jace
2924,Nitish
2925,Lupita
2926,Lizette
2927,Liu
2928,Anupam
2929,Anisha
2930,Rocco
2931,Mahdi
2932,Farmer
2933,Shazia
2934,Anuradha
2935,Matilda
2936,Brice
2937,Kami
2938,Armand
2939,Meera
2940,Navneet
2941,Barney
2942,Kassandra
2943,Ignacio
2944,Rika
2945,Humberto
2946,Jerald
2947,Jet
2948,Rowan
2949,Rikki
2950,Katharine
2951,Ravinder
2952,Ferry
2953,Ely
2954,Andra
2955,Nash
2956,Mansoor
2957,Cornelius
2958,Eugenia
2959,Benoit
2960,Abdo
2961,Ema
2962,Priti
2963,Anabel
2964,Franky
2965,Emi
2966,Sheikh
2967,Elina
2968,Akbar
2969,Putra
2970,Jamila
2971,Eduard
2972,Ct
2973,Tai
2974,Rizal
2975,Darko
2976,Chin
2977,Ramiro
2978,Zul
2979,Bunny
2980,Lilibeth
2981,Vaughn
2982,Vaishali
2983,Lj
2984,Ngoc
2985,Ezra
2986,Lauri
2987,Adrianne
2988,Shantel
2989,Ruthie
2990,Eng
2991,Luciana
2992,Ladonna
2993,Gilberto
2994,Ran
2995,Lianne
2996,Flo
2997,Rica
2998,Ashlie
2999,Femi
